Price,Volume,50_MA,200_MA,RSI,Target
3561.032470703125,29986,,,,-0.01760909047716952
3517.046630859375,351456,,,,-0.004912319136504695
3486.439208984375,333703,,,,-0.001476913725788176
3533.02392578125,500485,,,,-0.020145991373526018
3534.130859375,314769,,,,-0.009559195346716565
3592.698486328125,514106,,,,-0.02160632190410605
3596.644775390625,317571,,,,-0.03144403315888822
3631.96826171875,637882,,,,-0.059334823912707724
3629.658447265625,230932,,,,-0.037482475544459604
3628.455322265625,272013,,,,-0.04144729232702693
3599.29150390625,249436,,,,-0.034362367051132714
3584.90234375,291055,,,,-0.03322507314202905
3587.837646484375,268871,,,,-0.04985709165683794
3586.249755859375,200313,,,54.64045357749365,-0.046645175709440934
3622.96875,296104,,,60.04055944166652,-0.0460130541898478
3606.89501953125,329588,,,66.01471014435992,-0.0428556769457803
3555.59423828125,185433,,,61.47947377251547,-0.033931935219271625
3496.689697265625,327528,,,44.205649321575265,-0.004651860670956909
3483.744384765625,226673,,,42.25704670540963,-0.012584606645106855
3483.359375,322261,,,29.538861055245846,-0.004807875613968227
3472.53125,340707,,,27.35725605231488,-0.015244572920510069
3484.369873046875,397640,,,20.549146379603144,0.0002762055633629412
3503.7158203125,224797,,,26.469909402986573,0.0005494306407398675
3538.798828125,185431,,,35.1316050512371,-0.015217469292690078
3522.821533203125,134922,,,36.73840937631517,-0.023469319088973206
3610.023193359375,1267676,,,53.478125952812825,-0.0566960546519818
3568.5400390625,514227,,,47.585831961467626,-0.03703206050049468
3522.099853515625,349992,,,42.78446599808873,-0.01477043564418612
3522.62890625,163476,,,37.71358156965489,-0.020970513743176045
3556.219970703125,251515,,,44.05018182110042,-0.02377663146183473
3498.325927734375,167024,,,43.378574981242615,-0.006809409327550142
3499.769775390625,141912,,,50.41069205648123,-0.016555985790638994
3481.2900390625,166035,,,49.67750172749746,-0.012220320625800696
3461.84765625,171844,,,47.30819614437102,0.007451200756460219
3500.347412109375,126272,,,53.2552578120759,0.013679724731564313
3515.073486328125,132320,,,53.569048756925994,0.017894057130212193
3483.5517578125,161541,,,47.72061153140066,0.08771039514100454
3416.466064453125,228381,,,37.104288301865815,0.08213596763434206
3493.60986328125,238078,,,47.272395689668926,0.051931938236006614
3478.065673828125,152284,,,35.775065716544574,0.05470998248861081
3475.611328125,149348,,,39.06195760372053,0.049749987777554905
3465.793701171875,158182,,,42.7472926957819,0.06990022676280061
3408.95849609375,122024,,,37.21308720039899,0.0867638647995923
3418.968505859375,140091,,,33.69541763341067,0.092125981721775
3456.264892578125,115917,,,44.746321125716015,0.08057767890777479
3452.319091796875,229748,,,44.10993526801949,0.07218030735255732
3434.946044921875,748244,,,44.23145998989879,0.07365209336283152
3480.423583984375,287867,,,52.17144876074994,0.07396195868142219
3439.90283203125,471328,,,42.967507733210624,0.08454225391597725
3466.61181640625,218996,3518.97056640625,,44.51462323147523,0.08432133208237458
3419.593994140625,250071,3516.141796875,,43.005971212380906,0.09956801255288816
3485.332275390625,294998,3515.507509765625,,57.55304450275799,0.07543184078981668
3505.640869140625,173591,3515.89154296875,,51.50746128945618,0.07181011629903122
3484.947265625,200031,3514.930009765625,,50.85126495308333,0.05975286850309902
3440.143310546875,247609,3513.0502587890624,,46.02864095690735,0.07456212470708778
3405.34912109375,308958,3509.303271484375,,43.59051095003892,0.08305421947174962
3436.3896484375,182941,3506.0981689453124,,53.07710762071482,0.07832672087546455
3470.076904296875,180876,3502.860341796875,,55.44393531978634,0.009583186611821892
3448.757568359375,226147,3499.24232421875,,49.17216225296784,0.021782569880698155
3471.6650390625,106465,3496.1065185546877,,52.0476610083647,0.034572086802054036
3474.50439453125,306275,3493.6107763671876,,54.319939639060784,0.02918363890983211
3441.82763671875,226186,3490.7492822265626,,45.66393099547821,0.04363881096852085
3438.74755859375,191361,3487.76748046875,,49.85828907112858,0.04206846804888276
3487.642578125,173482,3485.7953369140623,,52.44656256567848,0.051786147295725504
3548.231201171875,212778,3484.3005859375,,64.50665618240848,0.03445000208139026
3577.972412109375,375571,3483.7221337890624,,61.370348529196725,0.02811098317170324
3789.095458984375,2375899,3488.392158203125,,73.69267174600479,-0.04021086156789233
3697.080810546875,654472,3492.39998046875,,65.84241293591299,-0.022974867404557897
3675.039794921875,359118,3496.225888671875,,68.15980026288352,-0.02311265894960346
3668.3505859375,328212,3499.925712890625,,71.25630040521492,-0.0029124364316707174
3648.52294921875,309024,3503.445546875,,67.4615238686257,0.006252195645846115
3708.053466796875,242350,3507.91921875,,68.78938582592168,-0.01234255280106833
3704.73291015625,205412,3511.939560546875,,70.80169687167557,0.014704651579950934
3733.9443359375,246673,3515.842470703125,,71.09782135658142,0.011470661234729285
3734.7626953125,309039,3520.0812939453126,,71.00354256396514,-0.004471358491286326
3701.508544921875,249061,3521.9110009765627,,70.93743294981448,-0.004641530298794105
3687.93701171875,170034,3524.2989404296877,,69.7572789975254,-0.006289641256763123
3737.842529296875,372862,3528.6137939453124,,69.80566151576983,-0.023664153897894113
3730.719970703125,251160,3532.775615234375,,65.78154624417805,0.0008255988520144975
3758.921142578125,214072,3536.829638671875,,65.69015725595098,-0.005287551275315661
3760.076171875,166844,3542.0646435546873,,46.04278847530351,0.02230835219324745
3748.2373046875,167844,3547.033994140625,,58.92822294544392,0.03308684160132569
3757.38134765625,169828,3552.5558203125,,65.04831670127527,0.033249656892806234
3693.182861328125,177954,3557.1825244140623,,53.7499677403894,0.05850775390706464
3696.647705078125,477992,3561.1085302734373,,57.64523182871367,0.08766632880865122
3688.177734375,299446,3564.570615234375,,46.2310385280259,0.11850523235401123
3705.55078125,263732,3569.010595703125,,50.147242650613855,0.1138716094204113
3503.331298828125,822866,3570.747900390625,,24.418229906636213,0.16882563993743394
3523.88037109375,723245,3571.353310546875,,27.5880159997011,0.14969127356082046
3591.687744140625,432887,3573.625751953125,,39.12710544406124,0.14314049645200622
3575.903076171875,276614,3575.6315869140626,,38.95638830956989,0.16125426958976097
3592.02490234375,281411,3578.1562109375,,34.600539486080464,0.1544211372116533
3583.410400390625,186747,3581.6452490234374,,34.491848312192474,0.1635890734272225
3668.254150390625,478922,3586.6309619140625,,41.47201305059494,0.13941799922516673
3670.4677734375,295897,3590.91501953125,,41.58833354417731,0.1273108922861128
3678.552734375,530973,3595.4396923828126,,43.41218243556389,0.15340545571643904
3636.732666015625,247745,3599.4754248046875,,39.25782973715455,0.1729545610627028
3612.140869140625,278919,3602.1097705078123,,42.23674708037255,0.19853989052896348
3590.099853515625,317890,3605.1137109375,,40.14422555771552,0.19245314993510054
3657.666748046875,377544,3608.9348095703126,,47.455857738285964,0.17301729304543656
3671.334228515625,396793,3613.9696142578123,,47.1291298549929,0.17006607023574283
3662.28662109375,331370,3617.508701171875,,69.73351850022095,0.19559799972348002
3759.209716796875,803886,3622.580078125,,74.55805343256674,0.15954885017739318
3776.775146484375,311063,3628.4166357421873,,71.57765608634273,0.161062313477772
3718.063232421875,256313,3633.9750341796876,,65.06527644821608,0.17731261688493283
3684.327880859375,281359,3639.554609375,,59.429688805529025,0.18574154792983655
3664.7412109375,198811,3644.121640625,,58.126585341697094,0.19881538467687898
3649.3896484375,144400,3647.7078955078123,,47.81107276669592,0.196948467677734
3733.800048828125,429300,3653.4087451171877,,56.17148227009409,0.16756888236911482
3739.045654296875,248433,3658.756357421875,,55.92759964498372,0.16317646907492978
3843.957275390625,497915,3666.1454150390623,,68.07118513005074,0.12255404926398472
3872.254638671875,584697,3674.753955078125,,72.53776580757017,0.12430562101236675
3882.31298828125,321813,3683.625263671875,,75.8559383728692,0.11515754604748563
3909.2626953125,218632,3692.057666015625,,73.98609159215844,0.11227103596351307
4020.71923828125,685931,3701.5074267578125,,78.07427274878067,0.11169621514923977
4125.24609375,992142,3712.452900390625,,82.2516245870501,0.07698321501652838
4127.5078125,371608,3719.2211474609376,,79.55515692818163,0.07698764103641542
4094.783447265625,718984,3727.1752001953123,,74.91337634487576,0.07934214841875864
4051.37451171875,235015,3734.70189453125,,76.75372261268956,0.0850270843891594
4105.8037109375,406755,3743.45095703125,,82.74265503859061,0.0885648483009116
4152.53271484375,409146,3753.53115234375,,86.36103890242474,0.08222567952281579
4146.70947265625,237639,3762.3042724609377,,87.605495475205,0.09325023688657508
4169.6171875,279716,3771.6019580078123,,86.33443178186806,0.09098346296029125
4179.6748046875,367525,3780.5165673828124,,86.44320643888531,0.10090848406782538
4137.75830078125,964051,3788.5764794921874,,77.12608146239006,0.11668998666411623
4242.86279296875,667011,3799.403564453125,,79.96730073962237,0.07604003644447488
4265.72216796875,457064,3810.959267578125,,80.37360185547647,0.07619663883572247
4329.294921875,522701,3822.7883154296874,,81.44997477351,0.05734765286820043
4281.02587890625,351550,3833.79443359375,,71.52750520512808,0.06348005672285995
4290.50634765625,191019,3844.4261376953127,,66.2164713232849,0.05918966031130002
4295.70361328125,180033,3855.1386865234376,,66.40998743281702,0.04007308355993877
4378.62255859375,365732,3867.7463916015627,,75.22231599134817,0.010573053405890764
4358.9873046875,329083,3879.7785107421873,,78.54075814397251,0.02940046415418207
4385.0712890625,229527,3893.616279296875,,77.34937615840585,0.020676175580633283
4377.32275390625,293197,3907.2297802734374,,73.83395493411584,0.014116500871133475
4368.66064453125,620213,3920.8394384765625,,73.39213668176204,0.01844067134330918
4393.34814453125,534604,3934.5953857421873,,73.49158416603008,0.009278053413713572
4368.13134765625,321308,3951.89138671875,,69.17730557065501,0.017561387951374074
4359.46875,346510,3968.603154296875,,74.1989603351997,0.04127521003132539
4349.169921875,194233,3983.7527978515627,,64.63102718322637,0.07002660798688676
4315.0498046875,398571,3998.535732421875,,56.58484630817626,0.0598904271048073
4353.59765625,368479,4013.7671875,,53.476494616085255,0.053866526516772595
4329.390625,239196,4028.6867919921874,,57.43004724277144,0.12039496122072602
4348.15966796875,395343,4042.28490234375,,58.61124886957029,0.12186650445124791
4469.818359375,1016606,4058.2719140625,,69.29389141569085,0.072757081239756
4442.82080078125,484972,4073.557275390625,,58.12027679028022,0.09355386702366242
4445.27490234375,301343,4089.7281201171877,,61.41023968883454,0.09734605620016779
4419.67236328125,229574,4105.87875,,54.58130601130345,0.09490493774007791
4395.85107421875,719613,4121.9937744140625,,52.353065198248814,0.09813041705363368
4469.43359375,698733,4138.229111328125,,60.986386192637454,0.0785311468962353
4493.9775390625,606833,4154.681977539062,,60.974170716303874,0.06680240243398661
4533.39111328125,234925,4172.104067382813,,67.48115795910947,0.06353387973462965
4548.9833984375,353149,4187.899541015625,,69.75718765271216,0.05183120627698634
4601.439453125,239491,4204.392827148437,,74.17455721528985,0.049551940480581536
4620.59326171875,295499,4222.443427734375,,80.14436468075309,0.043913145707348944
4565.490234375,208197,4240.066674804688,,70.24365758812948,0.06086881842422631
4590.755859375,137778,4258.586967773437,,74.919739292365,0.04772700488881565
4577.56982421875,247078,4277.150571289062,,72.10836785667902,0.055404009637260776
4552.78564453125,191238,4293.530283203125,,59.83125946720946,0.0569117357644513
4544.4599609375,178304,4309.638569335937,,62.60141634793389,0.0679063428663893
4467.845703125,658995,4322.116337890625,,52.363707766461076,0.0948551870417833
4424.91796875,193043,4333.169604492187,,50.53010542895462,0.10380676636837372
4487.1435546875,453523,4345.266215820313,,58.56122263016042,0.06819515825921929
4475.73779296875,274821,4356.595717773437,,50.669239054823585,0.06963171989255001
4439.115234375,180102,4364.963637695312,,44.321567913962845,0.05291548806838353
4449.2216796875,348409,4371.443149414063,,40.72552051556031,0.041182259976562774
4434.10986328125,298624,4377.575190429688,,37.328873736312865,0.04026777940056969
4444.841796875,444793,4384.576357421875,,30.9753180746105,0.04141596276231363
4539.40673828125,769406,4394.337001953125,,41.664210097801515,0.013176603968825473
4653.7275390625,587936,4405.295478515625,,58.077478714540625,-0.01971632283176894
4573.47998046875,457367,4413.714423828125,,48.563157941759584,0.001312231576256817
4588.11083984375,286373,4422.542451171875,,50.87459871686629,-0.0053615987568071954
4850.62744140625,891033,4436.16265625,,67.72124096913382,-0.047484091388386496
4878.0546875,888595,4450.13025390625,,69.40736136787409,-0.0614413684694366
4795.029296875,405959,4463.275673828125,,68.89344789239449,-0.04616250959754464
4858.4638671875,659388,4475.5876953125,,74.45620259021975,-0.05503322869822658
4878.0048828125,400593,4487.833349609375,,73.16386861989777,-0.05224033583466281
4839.12109375,295827,4498.029873046875,,70.85615703190376,-0.050897329302599714
4827.2177734375,501038,4508.9537109375,,72.92540850361287,-0.05803001818100528
4820.42333984375,419873,4519.55205078125,,72.0131994470502,-0.05332748122586728
4794.18603515625,250127,4529.52169921875,,71.0753324904374,-0.03488407029469798
4821.4150390625,270028,4538.377548828125,,71.62332965104216,-0.03818464131684629
4784.7626953125,247325,4546.893056640625,,65.09243379457621,-0.04350439434100395
4829.44970703125,450566,4555.780625,,61.82183109464258,-0.041129997402613916
4823.498046875,367833,4564.704130859375,,68.68834114269488,-0.04638375125676675
4843.38623046875,288534,4574.198642578125,,68.93251558625164,-0.03709996365654478
4809.85888671875,743269,4582.528857421875,,45.42114257009172,-0.03405897169012495
4831.185546875,387130,4591.78994140625,,44.662826386726564,-0.03146518772283102
4811.892578125,321326,4600.83841796875,,52.24634325290484,-0.01885191272112674
4853.0576171875,255158,4610.916171875,,49.234415882551424,-0.017598340768978038
4891.64404296875,325463,4622.448056640625,,51.83260225189703,-0.022468261655144373
4884.25439453125,391794,4633.06119140625,,56.62494821627464,-0.023487264210878545
4793.14501953125,249850,4642.336279296875,,45.942148827612996,0.0025661240453564993
4787.39111328125,418377,4651.120908203125,,46.05629500429057,0.06302974620934698
4674.01318359375,451353,4655.2048046875,,38.12374536751081,0.09860986490401191
4632.45068359375,436583,4658.99740234375,,31.839814549771702,0.10981570124732554
4612.66162109375,487053,4662.34513671875,,32.90639285572257,0.09355617302959085
4628.92919921875,282034,4666.5302734375,,28.892057369836436,0.07168034082531438
4599.220703125,330123,4670.597666015625,,27.51583564218791,0.07955194515375186
4561.97314453125,274197,4672.44845703125,3984.6457360839845,22.736811033678904,0.10222777223525714
4579.4814453125,154258,4674.15853515625,3989.737980957031,26.966192301120415,0.09016174601851112
4563.51123046875,188763,4674.7609375,3994.970303955078,22.947379849092727,0.08824938308300889
4620.2998046875,311184,4676.187265625,4000.6396069335938,32.00075963581517,0.08713246802546593
4578.34033203125,243546,4675.725283203125,4005.866188964844,24.23006843937881,0.08685864924655307
4573.6787109375,118491,4674.7869921875,4011.063928222656,18.145762098332426,0.06674464342182151
4591.0869140625,96290,4675.29892578125,4016.0558703613283,21.208002969319907,0.08267430970292522
4623.17626953125,263771,4675.947333984375,4021.1885278320315,31.11847600863537,0.07592119569952893
4592.82275390625,433867,4676.252392578125,4025.9928002929687,29.505847742678753,0.08145521720423798
4547.09423828125,293384,4676.138564453125,4030.579979248047,34.409637918294095,0.09891909206697402
4563.3623046875,283469,4676.516611328125,4035.2545141601563,40.95106168803345,0.10084876937856135
4626.9453125,320941,4679.698603515625,4040.392783203125,51.67829206975013,0.09476799454283591
4637.31103515625,370694,4683.94646484375,4045.6548266601562,50.99869214729866,0.08072726177669165
4576.6044921875,479472,4685.73568359375,4050.598660888672,47.49064912212269,0.10032950363420623
4630.814453125,456071,4688.837216796875,4055.821484375,57.36111531702182,0.10127544467955607
4599.76611328125,328037,4692.050234375,4060.705471191406,52.10797491721443,0.10786808644843426
4663.69677734375,353620,4696.339736328125,4065.989479980469,59.46751568844592,0.16611373735231116
4646.0400390625,224928,4700.57833984375,4071.441708984375,52.626716813259755,0.17197577742301973
4679.17138671875,319934,4705.264931640625,4077.3541174316406,60.47831390593254,0.14589150744192048
4721.17919921875,209769,4708.900380859375,4083.5412915039065,64.22410423943579,0.12348858074408087
4767.65185546875,151600,4711.1788671875,4089.96275390625,66.12311360841528,0.09423901781117472
4781.7373046875,305478,4715.344013671875,4096.508784179688,64.97134663882012,0.11470562947117924
4769.53662109375,207142,4718.972529296875,4102.934617919922,67.27761238492255,0.10411157399392779
4805.44482421875,249498,4718.068876953125,4109.443262939453,75.7539236740503,0.09692425513011105
5089.13916015625,1689829,4722.29056640625,4117.194964599609,84.18568621163682,0.04168209394297384
5134.9169921875,804973,4729.0883203125,4125.255441894531,83.81084858136435,0.027382608538546238
5141.16650390625,622924,4734.742373046875,4132.911158447266,83.7216506973765,0.03588689223371122
5044.20458984375,640829,4738.0663671875,4140.289481201172,79.84673412409748,0.06325212130915636
4960.732421875,498375,4740.49859375,4147.482644042969,70.3002043023675,0.0835725492589261
4965.09765625,539731,4743.25619140625,4154.694987792969,73.24244681597935,0.0783445378481824
5028.33349609375,450923,4747.41439453125,4162.055555419922,73.21876962683365,0.0689851560886372
4992.37548828125,257406,4751.37818359375,4169.525803222657,71.55111384160655,0.07134981712836508
4966.23828125,580065,4754.2746484375,4176.858145751953,68.01991311154934,0.08360958015726494
5022.8779296875,248079,4759.036953125,4184.566085205078,68.59677604795898,0.09340989966417323
4976.0087890625,464531,4761.968134765625,4192.13689086914,62.83689266063602,0.10653942461808441
4878.947265625,256544,4763.077119140625,4199.029890136719,55.43356986899563,0.14493963421444422
4970.65185546875,657876,4765.622431640625,4206.307781982422,60.32381804109034,0.1275381524072694
4974.17333984375,279352,4768.908720703125,4213.760889892578,58.95920966390389,0.13387912780340883
4966.93212890625,244083,4771.62365234375,4221.513220214843,40.81419930706441,0.14863299534607632
4996.888671875,307502,4775.32357421875,4229.029614257813,39.37220189515443,0.1762283131651845
5023.57177734375,575680,4778.733857421875,4236.757144775391,41.22175356438343,0.17097783642058562
5065.431640625,472168,4782.209609375,4244.706246337891,51.72660310409661,0.17458784477044742
5011.66845703125,387366,4784.757890625,4252.435620117188,54.35353271461756,0.20139942947595824
5035.77294921875,158560,4789.61044921875,4260.569692382813,55.84348473434375,0.19970643626561246
5099.80224609375,318565,4795.858671875,4268.973861083984,55.90134534933604,0.17598836505130255
5095.93408203125,360985,4804.29708984375,4277.17220703125,59.0296013978154,0.2071788045635723
5438.40087890625,2838352,4820.41609375,4287.102615966797,76.53287397372586,0.11992481489911189
5445.04638671875,763919,4837.0637890625,4297.153117675782,75.13581055191152,0.10577857328931506
5361.82275390625,451167,4851.72166015625,4306.560113525391,72.01809271849449,0.12731721563393106
5304.19091796875,620266,4865.821064453125,4315.881553955078,75.41196374100485,0.136218384950064
5216.95068359375,746266,4878.920615234375,4324.633248291016,64.79742645290064,0.16714033609080237
5330.2294921875,843465,4893.935576171875,4334.18642578125,68.89909345889828,0.1638861483413352
5266.1005859375,360967,4907.98736328125,4343.090267333984,64.97518950661068,0.1897192334446054
5271.208984375,400987,4921.005546875,4351.918107910156,64.0816856475127,0.19209460368251907
5301.26513671875,619765,4935.46404296875,4360.999697265625,64.20564053222068,0.17417459404728253
5275.5244140625,304362,4949.50095703125,4370.176602783203,60.927691884143655,0.21572277785624472
5325.6669921875,448715,4964.19255859375,4379.778192138672,66.39395625042383,0.19557822037769257
5363.26123046875,394137,4978.9942578125,4389.412550048828,66.86075801714091,0.1771087273723435
5375.3134765625,202689,4994.644072265625,4398.938732910156,64.98682321218267,0.15267577962840462
5354.0859375,202145,5010.78390625,4408.46537475586,63.78224729657373,0.18054315264481136
5375.2138671875,232773,5027.0209375,4417.9831188964845,44.86450405459998,0.19296352488881707
5348.58056640625,149325,5041.453642578125,4427.353499755859,42.406496615321224,0.2443596993324657
5381.46337890625,93497,5056.336689453125,4437.051678466797,51.67912877662044,0.23558571510620818
5492.064453125,640468,5074.645888671875,4447.318262939453,64.7279032647015,0.22767170814993376
5506.14990234375,324712,5092.15259765625,4457.410799560547,75.6082544118766,0.2072096231176166
5586.10009765625,531539,5111.87927734375,4467.600144042969,74.0782435049032,0.1835301472430917
5604.599609375,679425,5130.697333984375,4477.733280029297,84.84635846541431,0.23651585350341775
5640.111328125,746193,5150.578759765625,4486.988359375,85.73904619180612,0.2174130642783605
5705.18212890625,497403,5171.098974609375,4497.028865966797,86.64509601362282,0.21332510798972937
5877.48193359375,1118718,5194.225029296875,4508.041076660156,93.13999329529334,0.1786591485661435
5882.4912109375,297211,5216.52181640625,4519.111779785157,92.6655213130063,0.19621265836065738
5949.79443359375,380535,5239.882958984375,4530.618137207031,92.98490328915634,0.17598756653472214
6021.015625,406974,5264.9125390625,4542.182947998047,93.54473945559774,0.20245632160790983
6041.44921875,501833,5289.632626953125,4553.866529541016,96.40396621857714,0.19889834935869466
5997.30810546875,439023,5307.796005859375,4565.183348388672,90.73200331726069,0.20772242624803927
6151.70361328125,359158,5328.13173828125,4577.268052978516,95.04814312899116,0.1761210233858459
6090.60009765625,565826,5347.12041015625,4589.213510742187,88.55571378054725,0.16707386165717542
6021.015625,699201,5366.656630859375,4600.878903808593,80.10161210008714,0.16699475470033343
6044.47509765625,427407,5388.331484375,4612.41206665039,80.31167003007825,0.171154895535494
6026.71923828125,233266,5409.563916015625,4623.892062988281,76.67867380630268,0.16791475720791227
6088.91357421875,175955,5430.775517578125,4635.542025146485,77.85065785816052,0.17503747966635386
6203.7802734375,810900,5455.00361328125,4647.760545654297,79.70309105187158,0.2147835926022299
6265.18115234375,373989,5480.982470703125,4660.345264892578,79.62428178659363,0.1951678933615233
6283.77978515625,419212,5506.2005078125,4672.977257080078,75.66736544419672,0.19440871956032013
6224.61083984375,553522,5531.172548828125,4685.634396972656,70.22874448925856,0.22188134094414624
6413.5751953125,851061,5561.865107421875,4699.219034423828,73.97323684368607,0.18405585320809248
6367.25146484375,377109,5589.797099609375,4712.614403076172,68.37007135170312,0.20551488324772205
6313.1416015625,385863,5616.57646484375,4725.652357177734,63.91770627708248,0.20328534058342163
6195.99365234375,397717,5641.1576953125,4739.115668945313,59.46956580020331,0.23598571878328323
6320.7294921875,237213,5667.63451171875,4753.099914550781,58.2903407047071,0.20869103660806054
6412.43408203125,302139,5695.4117578125,4767.203646240235,65.3251997738129,0.19996756180105102
6655.55810546875,1017894,5727.214287109375,4782.6019213867185,75.93027650198077,0.160246850776669
6649.25927734375,406228,5759.966103515625,4797.8880932617185,75.06577094065801,0.16807404020199335
6742.4521484375,345626,5794.0996875,4813.683302001953,77.91836860632236,0.16479458874079533
6647.0771484375,253274,5825.045185546875,4828.577416992188,71.22275258109013,0.20626466314273761
6611.31787109375,361379,5855.352861328125,4843.281667480469,66.48741887526259,0.21875299806594972
6930.17626953125,1256275,5885.188369140625,4859.53978515625,72.26502956115048,0.19159098206221503
6866.34521484375,619987,5913.614345703125,4875.687847900391,68.93173750143603,0.22934347394002752
6922.24072265625,659306,5944.822705078125,4892.238347167969,72.71934505768782,0.18867957667868707
6927.5478515625,312733,5977.28984375,4908.925587158203,69.01258864940785,0.17875523572737873
7036.71044921875,2125908,6013.6850390625,4925.820805664062,73.66410738091935,0.1979940855653557
6996.88427734375,721432,6047.018134765625,4942.448555908203,74.41555783151983,0.1960943274207081
7240.00830078125,1031594,6086.4962890625,4960.33716430664,84.2031796286722,0.15744266900160153
7243.08349609375,434753,6125.933779296875,4977.756533203125,82.83486071725684,0.15907396839724863
7243.08349609375,0,6164.770146484375,4995.088074951172,81.63583116745937,0.12143326388624387
7235.14794921875,272181,6203.9626171875,5012.673498535156,76.89158635438898,0.08437131750839533
7108.18017578125,619338,6239.612880859375,5029.7927600097655,69.14866307545617,0.1219795662086891
7026.49365234375,557084,6272.877529296875,5046.601522216797,61.96665398105387,0.1586339759416422
7079.0166015625,327976,6306.951591796875,5063.749656982422,68.87926228885433,0.17027835759651144
7038.6943359375,953921,6340.643759765625,5080.274128417968,68.60560871947857,0.21278485292585358
7154.70166015625,467134,6376.233515625,5097.352408447266,61.87130819116857,0.23100433370238616
7536.25048828125,2065788,6419.9869140625,5115.8138745117185,76.5123834450411,0.13976968481961638
7487.943359375,457853,6462.116513671875,5133.892318115234,72.52371333643096,0.12967629994780672
7505.4013671875,266287,6502.383251953125,5152.007760009766,72.78702223933763,0.108175739581299
7605.73583984375,336874,6544.374970703125,5170.490125732422,72.59622208347714,0.09338058043287778
7594.03125,394564,6584.53359375,5188.3566857910155,74.25465386420169,0.09077493014662008
7675.81640625,197720,6625.9579296875,5206.109537353515,70.37141859398216,0.1012637855602696
7596.5107421875,252401,6665.08591796875,5223.454552001953,65.42156789636843,0.12822126009487045
7658.15966796875,131992,6704.14546875,5241.2714331054685,67.18691872972124,0.11854307257928198
7639.80908203125,159783,6739.39201171875,5259.213605957031,66.61238424895825,0.13616120433106071
7694.712890625,282537,6775.6364453125,5277.1581518554685,75.592973335748,0.1531470853185768
7722.09033203125,173555,6811.08236328125,5295.005939941406,81.86200263917156,0.1510240286323461
7766.8271484375,219911,6845.99859375,5313.1065283203125,81.73169628456247,0.17018617967967997
7853.57177734375,258767,6882.241044921875,5331.526301269531,86.04971665593082,0.15544883880773042
8018.13427734375,513900,6922.657568359375,5350.718598632812,86.62434893406204,0.11862118699561575
8057.5634765625,394525,6960.774765625,5370.317624511718,81.15482326081133,0.14194786172977758
8257.935546875,938756,7004.121474609375,5390.39298828125,88.93908101493122,0.09073824112838436
8441.0966796875,1044959,7052.523095703125,5411.269860839844,90.5267472166602,0.07479115094803923
8228.326171875,547082,7096.2001171875,5430.765017089844,74.5723189112416,0.08610998164448591
8165.88330078125,439817,7138.9833984375,5450.189304199219,71.70066116296643,0.09696623283001049
8429.9375,548486,7185.803876953125,5470.886459960938,75.13971027250584,0.05653388870765652
8368.93359375,340749,7229.106943359375,5491.252609863282,76.06791438492507,0.06739396587173441
8379.89453125,345968,7271.4012109375,5511.258969726562,75.22013033613236,0.07301714529708159
8395.26953125,392445,7313.631005859375,5531.440380859375,76.45364116007467,0.06304122159568104
8122.634765625,537728,7351.591484375,5550.128198242188,63.00179631017595,0.08920890191832287
7845.5869140625,1042536,7380.23171875,5567.469519042968,53.257975451666816,0.14058672265621053
7975.23291015625,399007,7412.39134765625,5585.502380371094,55.26222542887233,0.0950803075218769
8141.13427734375,410053,7448.951201171875,5604.241311035156,56.98183363232038,0.071698429614798
8284.419921875,615117,7490.7197265625,5623.82275390625,56.53273994555341,0.053168445191852376
8536.421875,959543,7535.03357421875,5644.70751953125,60.638185704355585,0.010609067579910425
8807.46875,1243547,7582.934267578125,5666.999013671875,61.836587022963386,-0.016234778543778527
8589.58984375,631957,7621.61490234375,5688.371713867187,53.15131501502945,0.03636510401626247
8458.9521484375,324864,7657.808759765625,5708.898486328125,55.071114695691456,0.027252239589460547
8317.3037109375,430048,7689.305791015625,5728.8380517578125,53.2174343568026,0.06186709066975982
8315.9638671875,392634,7722.683525390625,5748.677072753906,47.27389178348475,0.08672936688623767
8283.37890625,676870,7756.12474609375,5767.744875488282,47.92543422190523,0.09039951993473383
8453.0986328125,367524,7786.583193359375,5787.7962646484375,51.648184931973695,0.06228150203333582
8570.544921875,673456,7820.6671875,5808.422614746094,53.772900333309785,0.004363373007887805
8565.9814453125,790885,7853.542001953125,5829.15416015625,60.78834141373143,0.013178150079261819
8680.0546875,720691,7888.592138671875,5850.575178222656,72.05516067969009,0.01099919715367581
8873.1357421875,851210,7925.32064453125,5872.593688964844,72.96180651200007,0.0040859154943528875
8888.3115234375,534067,7963.149189453125,5894.565358886719,70.7033504591833,0.003543320971812536
9088.6337890625,1034030,8000.12169921875,5917.341572265625,71.60099402107967,-0.01061389671444235
9074.400390625,847202,8036.748037109375,5939.968657226563,66.56590819150766,-0.026781426889216364
8969.2548828125,419820,8071.27146484375,5961.807734375,55.54878992309284,-0.018834087845882364
9201.3173828125,803845,8110.594853515625,5984.711354980469,70.77830622086385,-0.05340596927516217
9007.24609375,453210,8148.576171875,6006.920134277344,67.85429674258214,-0.028605441365567197
9072.416015625,617929,8189.494619140625,6029.328435058594,75.87792544201659,-0.03723974866293933
8936.8671875,356305,8226.651630859375,6051.124921875,69.48606594807639,-0.005111266619402199
8957.6982421875,376197,8265.031708984376,6073.149484863281,71.31973034440554,-0.009113582143850385
8906.5146484375,237944,8300.06796875,6094.959758300782,65.49707680415055,0.002205087984775922
8932.94921875,319824,8328.001943359375,6117.285275878906,63.20815021404847,-0.0017544991221492001
8991.7705078125,480474,8358.078486328124,6140.1195385742185,64.92787503543593,0.0005902749834294507
8924.517578125,386707,8386.460810546874,6162.306408691406,58.86162790862324,-0.003173206359850078
8847.24609375,487529,8411.291015625,6184.163950195312,48.97549868647732,0.018566754750220182
8948.572265625,819240,8438.3818359375,6206.711235351562,52.232417097000365,0.034823227081659525
8733.5205078125,1385007,8459.53591796875,6228.1327294921875,36.98650824893534,0.05022998113075694
8724.8408203125,323734,8482.10251953125,6249.586384277343,37.13767451955244,0.09169199339574274
8724.8896484375,295346,8503.437119140624,6270.9866235351565,40.254657107872916,0.10296400820792972
8626.9853515625,319824,8523.18064453125,6291.424516601563,24.350918387461988,0.11825210523890961
8664.4814453125,524667,8542.576015625,6311.478286132812,32.20366826787057,0.11427141316092815
8901.951171875,521344,8566.173232421876,6333.120642089843,42.492654193131074,0.09342239532721819
8689.4775390625,299443,8584.626240234375,6353.627475585938,39.796220049478826,0.13060932060766284
8831.87109375,360403,8604.1922265625,6373.533693847657,45.28315977446499,0.11453170977448068
9037.2021484375,638239,8624.573583984375,6394.329431152344,54.39151362568962,0.10230465539850186
9032.1923828125,396042,8644.066162109375,6415.515246582031,53.38360434353248,0.09809443543142393
8979.5703125,458431,8658.498857421875,6436.120778808594,49.582279810001346,0.07864847287897447
8607.94140625,588285,8661.835751953126,6454.770461425781,41.03034763649242,0.1189667244954129
8678.865234375,451581,8670.846533203125,6473.969182128906,45.21198960323456,0.10639464269679921
8775.5283203125,645689,8683.03943359375,6493.710734863282,45.06630804912615,0.11050294002731542
8909.390625,482797,8692.62849609375,6514.155571289062,55.25768007067422,0.08424364829244424
8919.8056640625,435605,8703.6459375,6534.783669433594,55.822480319920864,0.06220367880860289
8992.16796875,408162,8715.89140625,6555.637434082031,57.651583222111825,0.04729473782523419
8831.375,274392,8724.613515625,6575.870495605469,55.64785675851152,0.07589705913575173
8800.3271484375,680474,8738.16736328125,6595.7248828125,53.76722122682081,0.08318704859937842
8709.912109375,323961,8755.4538671875,6615.156953125,44.2015139613277,0.07937369309167552
8749.58984375,417798,8770.941005859375,6634.687971191406,52.02651406658541,0.07689623843974824
8734.5615234375,302838,8782.80955078125,6654.311484375,46.41130748768835,0.08315106419350848
8891.1884765625,731514,8794.944921875,6674.611499023437,44.41449262801786,0.08374710873443103
8876.0615234375,455920,8801.73771484375,6694.93234375,44.07335080063404,0.07360684301954645
8926.154296875,301747,8804.11142578125,6715.297827148437,47.96845379939029,0.0681083131974134
8917.2763671875,259094,8810.66515625,6735.425988769532,66.24806747103642,0.0701081588572745
8997.078125,339934,8821.42767578125,6755.990107421875,66.55994308075418,0.05220824729556295
8896.1982421875,305109,8833.00556640625,6776.505373535157,56.25227694076311,0.060087662534042074
9011.5107421875,560005,8846.91650390625,6797.625971679688,55.394857264905234,0.07344371949634287
9260.1904296875,438422,8866.452734375,6820.556857910156,64.36558859701472,0.049476215761036
9172.205078125,738601,8880.83486328125,6843.255629882812,57.49938575638203,0.04949683454747911
9524.8388671875,489543,8899.9207421875,6867.816516113281,74.90556601119951,-0.014571276683547851
9623.2392578125,570095,8921.0658984375,6892.78806640625,78.19082169563379,-0.022189935922734216
9647.14453125,246783,8940.4076953125,6918.027685546875,83.64008294647877,-0.027432421105824334
9654.583984375,201452,8956.03666015625,6943.490739746094,83.25250278086763,-0.040849381982773325
9733.5927734375,457442,8972.94228515625,6969.261296386719,85.05935025216489,-0.04678054486521244
9824.404296875,277175,8987.6576953125,6995.56576171875,84.33576152420538,-0.033742901476015885
9843.400390625,277783,9003.0376953125,7021.681264648438,85.49020338465661,-0.02902960244024544
9961.75,320933,9022.88759765625,7048.598312988282,86.1822621104551,-0.03989262836599994
9918.2001953125,206100,9037.22525390625,7075.320920410156,84.14365207750917,-0.025609485087833228
9685.7998046875,279789,9050.796328125,7100.7944848632815,71.27848114251026,0.004615023664939599
9632.0,324597,9061.9880078125,7125.838603515625,73.41420015003266,-0.0016403451710443884
9602.25,334018,9075.2956640625,7150.885739746093,69.8807059703543,-0.012205493015959856
9745.25,283754,9091.04669921875,7176.876518554687,67.57423658193639,-0.03261584970883247
9659.9501953125,282048,9106.11541015625,7202.3594580078125,67.70599283466191,0.004994849768833465
9474.650390625,431217,9116.94943359375,7226.5979833984375,47.92611442144028,0.017588977660579097
9417.4501953125,637626,9125.46302734375,7250.498679199219,41.19664589568388,0.037005770433855334
9501.650390625,237516,9137.00568359375,7275.1239086914065,44.0812995986029,0.022017145458899545
9532.400390625,289355,9150.70876953125,7299.631838378907,45.12208434634932,0.014602745693194086
9401.25,287884,9159.76232421875,7323.6392578125,37.26224242383412,0.03705354174976727
9422.400390625,318120,9173.539921875,7347.432775878906,33.72317391228705,0.049430079458670395
9460.849609375,234656,9188.26009765625,7371.506823730469,34.75103039890881,0.03274555605904683
9635.7998046875,608628,9206.47830078125,7396.289965820312,37.56817015329858,0.014933933201372263
9529.400390625,316215,9224.5266015625,7420.331071777344,35.84947372386836,0.033853085834484764
9534.099609375,262913,9241.91896484375,7444.163310546875,43.381887432313256,0.039867486339637326
9542.4501953125,239607,9254.7289453125,7467.966875,45.93195600963565,0.09054278328058962
9466.7998046875,294900,9270.275390625,7491.453190917969,44.093139488632254,0.10201441035246228
9430.75,171581,9282.25296875,7514.579716796875,34.87398431262035,0.11354872193356846
9673.349609375,504086,9294.97591796875,7537.500769042968,50.55975522692505,0.10166079283146456
9718.349609375,1041123,9308.6990625,7560.417932128907,61.532240623018644,0.112107512467857
9626.2001953125,1055384,9321.63166015625,7582.8431005859375,59.562100870859744,0.13144850342829617
9386.0498046875,380782,9337.193828125,7604.552326660156,45.36670635545024,0.1853868071122422
9409.7001953125,247040,9351.81052734375,7626.797165527344,45.05400462458145,0.1736452980857417
9382.5,431989,9363.9499609375,7648.884177246094,49.175062128133476,0.1685265329403145
9260.2001953125,283213,9370.96615234375,7670.043510742187,43.44697905233247,0.17230186940182612
9278.25,262328,9378.1350390625,7691.472883300781,42.49918967404037,0.16725671429148825
9492.900390625,250956,9388.1496875,7714.106193847656,44.315399766134576,0.1427065662764011
9557.650390625,302363,9402.6751953125,7736.780056152344,51.162312281423574,0.14962878436919702
9564.349609375,301885,9417.95564453125,7759.721760253906,51.24255493941261,0.1940958315456549
9664.2001953125,315292,9437.04140625,7783.648024902343,54.65138490926456,0.21308538348432982
9730.5,308658,9456.659609375,7807.447265625,60.147003009954275,0.2062227419582756
9616.2001953125,230615,9474.2923828125,7830.657399902344,56.73067448871599,0.21548526153527736
9485.0498046875,310757,9486.169609375,7853.24798828125,42.56437467848332,0.2599090200645733
9427.400390625,246541,9497.19638671875,7875.400546875,38.624572560482974,0.24792094354285177
9708.2001953125,270583,9512.8373046875,7898.823688964843,52.793867120954005,0.22247170033950647
9641.2998046875,365016,9527.3177734375,7921.703029785156,59.860923314661,0.2385985745932897
9765.9501953125,161640,9542.69521484375,7945.474438476563,62.76652929582512,0.26346642656799535
9710.849609375,307698,9558.9882421875,7968.849821777344,61.53601234057912,0.2814172694644259
9671.599609375,161706,9572.19001953125,7991.70880859375,65.34957220299609,0.2818200195118641
9749.599609375,282934,9581.978203125,8014.977136230469,66.83330403752096,0.2945814080906768
9888.150390625,240190,9596.297109375,8037.225883789062,64.92691000983974,0.2809676117622635
9770.650390625,148301,9601.21333984375,8058.853903808594,57.73588358720957,0.2635750642719257
9779.7001953125,132844,9604.34255859375,8080.943291015625,57.8079225350866,0.24313117503741855
9852.0,134985,9608.43966796875,8103.682336425782,56.947823491965316,0.19838105920752125
9914.2001953125,388874,9613.6319921875,8127.168583984375,56.81683274880249,0.18762988023905502
10406.4501953125,1229549,9627.089140625,8152.5496875,72.90112975163576,0.11633165840934923
10432.5498046875,309223,9639.25205078125,8178.38193359375,79.23839854193739,0.13961589754721815
10501.599609375,262396,9652.41603515625,8204.53388671875,82.91654247927119,0.12536185428596358
10656.75,338792,9666.31603515625,8231.311311035157,81.49127510947045,0.11028221549722006
10807.849609375,693506,9684.1090234375,8258.972937011718,86.67816658755098,0.09891889918695163
10891.5498046875,498560,9708.2240234375,8286.802351074219,86.32605182277287,0.09252585886044296
11126.099609375,787108,9738.106015625,8315.61654296875,90.93275488069415,0.035538095514786816
11043.650390625,217394,9766.9340234375,8343.958227539062,88.71586066721191,0.05191216530850862
10963.7001953125,324246,9791.30302734375,8372.006298828124,84.22123532802304,-0.0770041122030094
10855.75,297298,9815.2190234375,8399.408979492187,77.75197211644141,-0.07293828659351032
10830.099609375,216847,9842.3280078125,8426.81657470703,82.07634866156856,-0.03043366370238043
10847.599609375,193055,9870.93099609375,8454.147255859374,82.167594163097,-0.04418028109977523
10987.75,466892,9900.65298828125,8481.62568359375,82.86789176674866,-0.0364951878228027
11420.75,1283385,9938.41998046875,8511.198684082032,85.89502144105282,-0.09791388481492025
11723.5,1409151,9984.86498046875,8541.88568359375,84.49490425691364,
11737.150390625,417878,10031.15998046875,8572.5484375,84.39312936025033,
11688.349609375,172602,10075.70998046875,8602.78962890625,81.62387112622984,
11950.2998046875,444755,10121.99998046875,8634.015217285156,82.6134914886,
11764.650390625,446416,10166.70498046875,8663.451059570312,73.71017062850959,
11868.0,500633,10213.38298828125,8693.378603515624,73.96372529235512,
11941.7001953125,772831,10261.36798828125,8723.33813232422,71.73195207794593,
12338.9501953125,735579,10318.81099609375,8754.927805175781,79.55548682579784,
12443.650390625,503848,10379.06900390625,8786.938811035156,83.3915981451034,
12397.25,262012,10433.54701171875,8818.938520507812,85.77392904573907,
12621.650390625,641805,10491.61302734375,8851.28825439453,88.06542641706747,
12666.400390625,480852,10552.41703125,8884.167255859375,88.20204345689304,
12345.9501953125,479000,10611.6150390625,8915.791928710938,76.51904215484271,
12157.4501953125,670828,10666.5700390625,8946.356804199218,65.90250909294812,
11806.4501953125,670365,10715.04904296875,8975.255458984375,51.754036363095715,
11774.400390625,650553,10765.333046875,9003.682893066407,50.781593858062365,
11617.0498046875,341323,10812.10904296875,9030.749240722656,48.56913953961456,
11889.099609375,359432,10860.03302734375,9058.868833007813,48.77677924172766,
11818.099609375,193883,10905.24201171875,9086.540432128906,51.11961273820307,
11832.0,251378,10950.59501953125,9114.577377929687,49.21654038310971,
11876.9501953125,200855,10994.85001953125,9141.894252929687,48.57300398329547,
11899.2998046875,177045,11038.226015625,9169.554494628906,38.39269139856361,
11521.5,476945,11076.33201171875,9195.596286621094,28.722400333850402,
11616.9501953125,504602,11118.97001953125,9222.701069335937,32.39396523421405,
10119.4501953125,3668914,11132.811015625,9241.694672851563,14.142618796984692,
10063.9501953125,1543331,11139.926015625,9259.952253417969,12.820552886325771,
10500.5,2110278,11157.11001953125,9279.176962890626,24.4818084371733,
10368.349609375,1191148,11169.1580078125,9297.772414550782,24.869363250957264,
10586.75,1323887,11186.676015625,9316.993903808594,32.204554307773535,
10302.5,653406,11199.2940234375,9335.271018066407,29.997011282276688,
